x_rel,y_rel
1.6700000000e+08,0.0000000000e+00
-1.9359743191e+09,-5.6672786311e+07
-5.0622663010e+09,-1.9560195811e+08
-8.1800701442e+09,-3.3421360191e+08
-1.1295022254e+10,-4.7270913144e+08
-1.4408537390e+10,-6.1114412731e+08
-1.7521188862e+10,-7.4954183711e+08
-2.0633267231e+10,-8.8791419812e+08
-2.3744940874e+10,-1.0262681524e+09
-2.6856316653e+10,-1.1646080924e+09
-2.9967467061e+10,-1.3029369730e+09
-3.3078443880e+10,-1.4412568773e+09
-3.6189285670e+10,-1.5795693298e+09
-3.9300022154e+10,-1.7178754809e+09
-4.2410676929e+10,-1.8561762217e+09
-4.5521269217e+10,-1.9944722581e+09
-4.8631815035e+10,-2.1327641613e+09
-5.1742327998e+10,-2.2710524019e+09
-5.4852819891e+10,-2.4093373744e+09
-5.7963301085e+10,-2.5476194155e+09
-6.1073780837e+10,-2.6858988171e+09
-6.4184267527e+10,-2.8241758362e+09
-6.7294768825e+10,-2.9624507027e+09
-7.0405291832e+10,-3.1007236255e+09
-7.3515843186e+10,-3.2389947969e+09
-7.6626429145e+10,-3.3772643967e+09
-7.9737055656e+10,-3.5155325951e+09
-8.2847728412e+10,-3.6537995555e+09
-8.5958452894e+10,-3.7920654361e+09
-8.9069234408e+10,-3.9303303921e+09
-9.2180078120e+10,-4.0685945768e+09
-9.5290989078e+10,-4.2068581432e+09
-9.8401972236e+10,-4.3451212452e+09
-1.0151303247e+11,-4.4833840379e+09
-1.0462417461e+11,-4.6216466791e+09
-1.0773540341e+11,-4.7599093301e+09
-1.1084672362e+11,-4.8981721558e+09
-1.1395813996e+11,-5.0364353258e+09
-1.1706965713e+11,-5.1746990148e+09
-1.2018127982e+11,-5.3129634033e+09
-1.2329301272e+11,-5.4512286779e+09
-1.2640486056e+11,-5.5894950320e+09
-1.2951682804e+11,-5.7277626658e+09
-1.3262891990e+11,-5.8660317874e+09
-1.3574114092e+11,-6.0043026127e+09
-1.3885349587e+11,-6.1425753660e+09
-1.4196598959e+11,-6.2808502806e+09
-1.4507862693e+11,-6.4191275987e+09
-1.4819141281e+11,-6.5574075723e+09
-1.5130435215e+11,-6.6956904633e+09
-1.5441744997e+11,-6.8339765440e+09
-1.5753071130e+11,-6.9722660976e+09
-1.6064414124e+11,-7.1105594184e+09
-1.6375774493e+11,-7.2488568122e+09
-1.6687152760e+11,-7.3871585970e+09
-1.6998549451e+11,-7.5254651030e+09
-1.7309965100e+11,-7.6637766735e+09
-1.7621400247e+11,-7.8020936650e+09
-1.7932855440e+11,-7.9404164475e+09
-1.8244331232e+11,-8.0787454056e+09
-1.8555828185e+11,-8.2170809382e+09
-1.8867346868e+11,-8.3554234596e+09
-1.9178887859e+11,-8.4937733994e+09
-1.9490451743e+11,-8.6321312036e+09
-1.9802039113e+11,-8.7704973347e+09
-2.0113650571e+11,-8.9088722725e+09
-2.0425286729e+11,-9.0472565144e+09
-2.0736948206e+11,-9.1856505761e+09
-2.1048635631e+11,-9.3240549924e+09
-2.1360349645e+11,-9.4624703173e+09
-2.1672090894e+11,-9.6008971250e+09
-2.1983860039e+11,-9.7393360106e+09
-2.2295657749e+11,-9.8777875905e+09
-2.2607484702e+11,-1.0016252503e+10
-2.2919341590e+11,-1.0154731410e+10
-2.3231229115e+11,-1.0293224997e+10
-2.3543147990e+11,-1.0431733971e+10
-2.3855098939e+11,-1.0570259069e+10
-2.4167082701e+11,-1.0708801050e+10
-2.4479100024e+11,-1.0847360701e+10
-2.4791151670e+11,-1.0985938838e+10
-2.5103238414e+11,-1.1124536304e+10
-2.5415361044e+11,-1.1263153972e+10
-2.5727520363e+11,-1.1401792745e+10
-2.6039717186e+11,-1.1540453559e+10
-2.6351952344e+11,-1.1679137382e+10
-2.6664226680e+11,-1.1817845215e+10
-2.6976541055e+11,-1.1956578093e+10
-2.7288896344e+11,-1.2095337091e+10
-2.7601293438e+11,-1.2234123317e+10
-2.7913733244e+11,-1.2372937920e+10
-2.8226216686e+11,-1.2511782088e+10
-2.8538744705e+11,-1.2650657050e+10
-2.8851318260e+11,-1.2789564079e+10
-2.9163938326e+11,-1.2928504492e+10
-2.9476605898e+11,-1.3067479649e+10
-2.9789321991e+11,-1.3206490962e+10
-3.0102087636e+11,-1.3345539889e+10
-3.0414903886e+11,-1.3484627940e+10
-3.0727771816e+11,-1.3623756676e+10
-3.1040692518e+11,-1.3762927716e+10
-3.1353667109e+11,-1.3902142733e+10
-3.1666696727e+11,-1.4041403459e+10
-3.1979782531e+11,-1.4180711687e+10
-3.2292925705e+11,-1.4320069274e+10
-3.2606127457e+11,-1.4459478142e+10
-3.2919389019e+11,-1.4598940281e+10
-3.3232711649e+11,-1.4738457750e+10
-3.3546096629e+11,-1.4878032684e+10
-3.3859545270e+11,-1.5017667292e+10
-3.4173058908e+11,-1.5157363863e+10
-3.4486638911e+11,-1.5297124766e+10
-3.4800286671e+11,-1.5436952458e+10
-3.5114003614e+11,-1.5576849482e+10
-3.5427791194e+11,-1.5716818475e+10
-3.5741650899e+11,-1.5856862169e+10
-3.6055584246e+11,-1.5996983395e+10
-3.6369592788e+11,-1.6137185088e+10
-3.6683678113e+11,-1.6277470290e+10
-3.6997841843e+11,-1.6417842156e+10
-3.7312085635e+11,-1.6558303958e+10
-3.7626411187e+11,-1.6698859088e+10
-3.7940820234e+11,-1.6839511065e+10
-3.8255314550e+11,-1.6980263542e+10
-3.8569895951e+11,-1.7121120307e+10
-3.8884566296e+11,-1.7262085292e+10
-3.9199327487e+11,-1.7403162579e+10
-3.9514181470e+11,-1.7544356405e+10
-3.9829130240e+11,-1.7685671171e+10
-4.0144175839e+11,-1.7827111447e+10
-4.0459320356e+11,-1.7968681979e+10
-4.0774565934e+11,-1.8110387701e+10
-4.1089914768e+11,-1.8252233738e+10
-4.1405369108e+11,-1.8394225418e+10
-4.1720931259e+11,-1.8536368282e+10
-4.2036603584e+11,-1.8678668088e+10
-4.2352388508e+11,-1.8821130830e+10
-4.2668288516e+11,-1.8963762740e+10
-4.2984306158e+11,-1.9106570306e+10
-4.3300444051e+11,-1.9249560279e+10
-4.3616704880e+11,-1.9392739691e+10
-4.3933091400e+11,-1.9536115862e+10
-4.4249606442e+11,-1.9679696420e+10
-4.4566252910e+11,-1.9823489311e+10
-4.4883033790e+11,-1.9967502818e+10
-4.5199952147e+11,-2.0111745578e+10
-4.5517011133e+11,-2.0256226595e+10
-4.5834213984e+11,-2.0400955266e+10
-4.6151564032e+11,-2.0545941393e+10
-4.6469064697e+11,-2.0691195210e+10
-4.6786719502e+11,-2.0836727403e+10
-4.7104532068e+11,-2.0982549132e+10
-4.7422506123e+11,-2.1128672059e+10
-4.7740645503e+11,-2.1275108373e+10
-4.8058954157e+11,-2.1421870818e+10
-4.8377436153e+11,-2.1568972725e+10
-4.8696095680e+11,-2.1716428040e+10
-4.9014937054e+11,-2.1864251363e+10
-4.9333964724e+11,-2.2012457980e+10
-4.9653183276e+11,-2.2161063904e+10
-4.9972597438e+11,-2.2310085917e+10
-5.0292212086e+11,-2.2459541610e+10
-5.0612032253e+11,-2.2609449434e+10
-5.0932063130e+11,-2.2759828749e+10
-5.1252310077e+11,-2.2910699875e+10
-5.1572778629e+11,-2.3062084152e+10
-5.1893474501e+11,-2.3214004001e+10
-5.2214403599e+11,-2.3366482987e+10
-5.2535572027e+11,-2.3519545894e+10
-5.2856986091e+11,-2.3673218794e+10
-5.3178652317e+11,-2.3827529133e+10
-5.3500577452e+11,-2.3982505816e+10
-5.3822768478e+11,-2.4138179298e+10
-5.4145232620e+11,-2.4294581687e+10
-5.4467977359e+11,-2.4451746850e+10
-5.4791010441e+11,-2.4609710529e+10
-5.5114339892e+11,-2.4768510466e+10
-5.5437974028e+11,-2.4928186537e+10
-5.5761921466e+11,-2.5088780898e+10
-5.6086191145e+11,-2.5250338140e+10
-5.6410792333e+11,-2.5412905460e+10
-5.6735734644e+11,-2.5576532840e+10
-5.7061028059e+11,-2.5741273252e+10
-5.7386682934e+11,-2.5907182862e+10
-5.7712710026e+11,-2.6074321270e+10
-5.8039120504e+11,-2.6242751759e+10
-5.8365925974e+11,-2.6412541565e+10
-5.8693138494e+11,-2.6583762177e+10
-5.9020770599e+11,-2.6756489654e+10
-5.9348835319e+11,-2.6930804979e+10
-5.9677346207e+11,-2.7106794438e+10
-6.0006317353e+11,-2.7284550031e+10
-6.0335763420e+11,-2.7464169929e+10
-6.0665699658e+11,-2.7645758960e+10
-6.0996141939e+11,-2.7829429148e+10
-6.1327106776e+11,-2.8015300300e+10
-6.1658611353e+11,-2.8203500640e+10
-6.1990673554e+11,-2.8394167513e+10
-6.2323311987e+11,-2.8587448145e+10
-6.2656546011e+11,-2.8783500478e+10
-6.2990395768e+11,-2.8982494082e+10
-6.3324882200e+11,-2.9184611155e+10
-6.3660027081e+11,-2.9390047610e+10
-6.3995853035e+11,-2.9599014275e+10
-6.4332383558e+11,-2.9811738195e+10
-6.4669643030e+11,-3.0028464061e+10
-6.5007656729e+11,-3.0249455767e+10
-6.5346450833e+11,-3.0474998115e+10
-6.5686052419e+11,-3.0705398669e+10
-6.6026489443e+11,-3.0940989774e+10
-6.6367790720e+11,-3.1182130753e+10
-6.6709985879e+11,-3.1429210283e+10
-6.7053105301e+11,-3.1682648970e+10
-6.7397180038e+11,-3.1942902110e+10
-6.7742241699e+11,-3.2210462656e+10
-6.8088322308e+11,-3.2485864378e+10
-6.8435454118e+11,-3.2769685200e+10
-6.8783669382e+11,-3.3062550695e+10
-6.9133000066e+11,-3.3365137714e+10
-6.9483477505e+11,-3.3678178071e+10
-6.9835131973e+11,-3.4002462240e+10
-7.0187992184e+11,-3.4338842942e+10
-7.0542084684e+11,-3.4688238495e+10
-7.0897433148e+11,-3.5051635759e+10
-7.1254057556e+11,-3.5430092451e+10
-7.1611973249e+11,-3.5824738569e+10
-7.1971189856e+11,-3.6236776592e+10
-7.2331710102e+11,-3.6667480084e+10
-7.2693528491e+11,-3.7118190268e+10
-7.3056629899e+11,-3.7590310103e+10
-7.3420988102e+11,-3.8085295374e+10
-7.3786564282e+11,-3.8604642330e+10
-7.4153305589e+11,-3.9149871463e+10
-7.4521143830e+11,-3.9722507172e+10
-7.4889994386e+11,-4.0324053242e+10
-7.5259755487e+11,-4.0955964370e+10
-7.5630307933e+11,-4.1619614336e+10
-7.6001515402e+11,-4.2316261830e+10
-7.6373225418e+11,-4.3047015362e+10
-7.6745271040e+11,-4.3812799078e+10
-7.7117473278e+11,-4.4614321548e+10
-7.7489644180e+11,-4.5452049655e+10
-7.7861590459e+11,-4.6326189590e+10
-7.8233117495e+11,-4.7236676485e+10
-7.8604033478e+11,-4.8183173654e+10
-7.8974153458e+11,-4.9165081582e+10
-7.9343303053e+11,-5.0181556058e+10
-7.9711321636e+11,-5.1231534070e+10
-8.0078064831e+11,-5.2313765607e+10
-8.0443406263e+11,-5.3426849153e+10
-8.0807238515e+11,-5.4569268690e+10
-8.1169473379e+11,-5.5739430142e+10
-8.1530041449e+11,-5.6935695612e+10
-8.1888891210e+11,-5.8156414153e+10
-8.2245987726e+11,-5.9399948310e+10
-8.2601311079e+11,-6.0664696068e+10
-8.2954854656e+11,-6.1949108211e+10
-8.3306623390e+11,-6.3251701343e+10
-8.3656632040e+11,-6.4571067013e+10
-8.4004903547e+11,-6.5905877460e+10
-8.4351467528e+11,-6.7254888548e+10
-8.4696358904e+11,-6.8616940423e+10
-8.5039616693e+11,-6.9990956418e+10
-8.5381282958e+11,-7.1375940625e+10
-8.5721401907e+11,-7.2770974535e+10
-8.6060019125e+11,-7.4175213036e+10
-8.6397180946e+11,-7.5587880047e+10
-8.6732933924e+11,-7.7008263948e+10
-8.7067324409e+11,-7.8435712995e+10
-8.7400398215e+11,-7.9869630794e+10
-8.7732200345e+11,-8.1309471934e+10
-8.8062774794e+11,-8.2754737818e+10
-8.8392164392e+11,-8.4204972742e+10
-8.8720410692e+11,-8.5659760214e+10
-8.9047553901e+11,-8.7118719547e+10
-8.9373632827e+11,-8.8581502706e+10
-8.9698684857e+11,-9.0047791405e+10
-9.0022745954e+11,-9.1517294457e+10
-9.0345850662e+11,-9.2989745338e+10
-9.0668032131e+11,-9.4464899976e+10
-9.0989322141e+11,-9.5942534736e+10
-9.1309751145e+11,-9.7422444585e+10
-9.1629348301e+11,-9.8904441428e+10
-9.1948141520e+11,-1.0038835260e+11
-9.2266157514e+11,-1.0187401949e+11
-9.2583421836e+11,-1.0336129631e+11
-9.2899958936e+11,-1.0485004896e+11
-9.3215792200e+11,-1.0634015401e+11
-9.3530944002e+11,-1.0783149776e+11
-9.3845435748e+11,-1.0932397544e+11
-9.4159287919e+11,-1.1081749040e+11
-9.4472520117e+11,-1.1231195347e+11
-9.4785151105e+11,-1.1380728226e+11
-9.5097198847e+11,-1.1530340067e+11
-9.5408680546e+11,-1.1680023832e+11
-9.5719612683e+11,-1.1829773009e+11
-9.6030011047e+11,-1.1979581571e+11
-9.6339890777e+11,-1.2129443934e+11
-9.6649266384e+11,-1.2279354922e+11
-9.6958151789e+11,-1.2429309737e+11
-9.7266560347e+11,-1.2579303925e+11
-9.7574504878e+11,-1.2729333354e+11
-9.7881997689e+11,-1.2879394186e+11
-9.8189050602e+11,-1.3029482852e+11
-9.8495674977e+11,-1.3179596039e+11
-9.8801881731e+11,-1.3329730662e+11
-9.9107681361e+11,-1.3479883853e+11
-9.9413083967e+11,-1.3630052941e+11
-9.9718099263e+11,-1.3780235442e+11
-1.0002273660e+12,-1.3930429041e+11
-1.0032700500e+12,-1.4080631579e+11
-1.0063091311e+12,-1.4230841047e+11
-1.0093446932e+12,-1.4381055571e+11
-1.0123768166e+12,-1.4531273404e+11
-1.0154055793e+12,-1.4681492915e+11
-1.0184310560e+12,-1.4831712586e+11
-1.0214533192e+12,-1.4981930996e+11
-1.0244724387e+12,-1.5132146823e+11
-1.0274884820e+12,-1.5282358832e+11
-1.0305015140e+12,-1.5432565868e+11
-1.0335115979e+12,-1.5582766856e+11
-1.0365187944e+12,-1.5732960792e+11
-1.0395231623e+12,-1.5883146736e+11
-1.0425247586e+12,-1.6033323813e+11
-1.0455236382e+12,-1.6183491206e+11
-1.0485198545e+12,-1.6333648153e+11
-1.0515134591e+12,-1.6483793939e+11
-1.0545045018e+12,-1.6633927902e+11
-1.0574930311e+12,-1.6784049422e+11
-1.0604790938e+12,-1.6934157918e+11
-1.0634627354e+12,-1.7084252854e+11
-1.0664440000e+12,-1.7234333724e+11
-1.0694229302e+12,-1.7384400062e+11
-1.0723995675e+12,-1.7534451429e+11
-1.0753739522e+12,-1.7684487420e+11
-1.0783461233e+12,-1.7834507657e+11
-1.0813161187e+12,-1.7984511787e+11
-1.0842839752e+12,-1.8134499483e+11
-1.0872497285e+12,-1.8284470442e+11
-1.0902134134e+12,-1.8434424381e+11
-1.0931750636e+12,-1.8584361039e+11
-1.0961347121e+12,-1.8734280173e+11
-1.0990923906e+12,-1.8884181560e+11
-1.1020481302e+12,-1.9034064993e+11
-1.1050019612e+12,-1.9183930279e+11
-1.1079539129e+12,-1.9333777244e+11
-1.1109040138e+12,-1.9483605724e+11
-1.1138522919e+12,-1.9633415571e+11
-1.1167987743e+12,-1.9783206648e+11
-1.1197434873e+12,-1.9932978831e+11
-1.1226864566e+12,-2.0082732006e+11
-1.1256277073e+12,-2.0232466069e+11
-1.1285672639e+12,-2.0382180928e+11
-1.1315051501e+12,-2.0531876496e+11
-1.1344413891e+12,-2.0681552699e+11
-1.1373760036e+12,-2.0831209468e+11
-1.1403090157e+12,-2.0980846744e+11
-1.1432404467e+12,-2.1130464473e+11
-1.1461703179e+12,-2.1280062608e+11
-1.1490986496e+12,-2.1429641110e+11
-1.1520254619e+12,-2.1579199944e+11
-1.1549507743e+12,-2.1728739082e+11
-1.1578746060e+12,-2.1878258501e+11
-1.1607969754e+12,-2.2027758181e+11
-1.1637179008e+12,-2.2177238109e+11
-1.1666374001e+12,-2.2326698276e+11
-1.1695554905e+12,-2.2476138676e+11
-1.1724721891e+12,-2.2625559307e+11
-1.1753875124e+12,-2.2774960171e+11
-1.1783014767e+12,-2.2924341274e+11
-1.1812140978e+12,-2.3073702623e+11
-1.1841253913e+12,-2.3223044231e+11
-1.1870353723e+12,-2.3372366112e+11
-1.1899440557e+12,-2.3521668281e+11
-1.1928514559e+12,-2.3670950758e+11
-1.1957575873e+12,-2.3820213565e+11
-1.1986624637e+12,-2.3969456724e+11
-1.2015660987e+12,-2.4118680262e+11
-1.2044685057e+12,-2.4267884205e+11
-1.2073696977e+12,-2.4417068582e+11
-1.2102696876e+12,-2.4566233424e+11
-1.2131684877e+12,-2.4715378762e+11
-1.2160661105e+12,-2.4864504630e+11
-1.2189625678e+12,-2.5013611063e+11
-1.2218578716e+12,-2.5162698095e+11
-1.2247520332e+12,-2.5311765765e+11
-1.2276450641e+12,-2.5460814108e+11
-1.2305369753e+12,-2.5609843165e+11
-1.2334277777e+12,-2.5758852975e+11
-1.2363174820e+12,-2.5907843577e+11
-1.2392060985e+12,-2.6056815013e+11
-1.2420936375e+12,-2.6205767324e+11
-1.2449801092e+12,-2.6354700553e+11
-1.2478655233e+12,-2.6503614741e+11
-1.2507498895e+12,-2.6652509933e+11
-1.2536332174e+12,-2.6801386171e+11
-1.2565155162e+12,-2.6950243499e+11
-1.2593967951e+12,-2.7099081961e+11
-1.2622770630e+12,-2.7247901603e+11
-1.2651563288e+12,-2.7396702467e+11
-1.2680346011e+12,-2.7545484599e+11
-1.2709118884e+12,-2.7694248045e+11
-1.2737881991e+12,-2.7842992848e+11
-1.2766635413e+12,-2.7991719054e+11
-1.2795379231e+12,-2.8140426709e+11
-1.2824113524e+12,-2.8289115857e+11
-1.2852838370e+12,-2.8437786544e+11
-1.2881553845e+12,-2.8586438814e+11
-1.2910260023e+12,-2.8735072713e+11
-1.2938956979e+12,-2.8883688286e+11
-1.2967644785e+12,-2.9032285578e+11
-1.2996323512e+12,-2.9180864633e+11
-1.3024993231e+12,-2.9329425496e+11
-1.3053654009e+12,-2.9477968212e+11
-1.3082305915e+12,-2.9626492824e+11
-1.3110949015e+12,-2.9774999378e+11
-1.3139583375e+12,-2.9923487917e+11
-1.3168209059e+12,-3.0071958484e+11
-1.3196826130e+12,-3.0220411124e+11
-1.3225434650e+12,-3.0368845879e+11
-1.3254034681e+12,-3.0517262792e+11
-1.3282626283e+12,-3.0665661906e+11
-1.3311209516e+12,-3.0814043264e+11
-1.3339784436e+12,-3.0962406907e+11
-1.3368351103e+12,-3.1110752878e+11
-1.3396909573e+12,-3.1259081218e+11
-1.3425459901e+12,-3.1407391968e+11
-1.3454002142e+12,-3.1555685170e+11
-1.3482536349e+12,-3.1703960863e+11
-1.3511062577e+12,-3.1852219089e+11
-1.3539580877e+12,-3.2000459887e+11
-1.3568091300e+12,-3.2148683297e+11
-1.3596593899e+12,-3.2296889357e+11
-1.3625088721e+12,-3.2445078108e+11
-1.3653575817e+12,-3.2593249587e+11
-1.3682055235e+12,-3.2741403834e+11
-1.3710527023e+12,-3.2889540885e+11
-1.3738991227e+12,-3.3037660778e+11
-1.3767447895e+12,-3.3185763551e+11
-1.3795897071e+12,-3.3333849240e+11
-1.3824338801e+12,-3.3481917882e+11
-1.3852773129e+12,-3.3629969513e+11
-1.3881200098e+12,-3.3778004169e+11
-1.3909619753e+12,-3.3926021884e+11
-1.3938032134e+12,-3.4074022695e+11
-1.3966437285e+12,-3.4222006635e+11
-1.3994835246e+12,-3.4369973739e+11
-1.4023226058e+12,-3.4517924040e+11
-1.4051609761e+12,-3.4665857573e+11
-1.4079986395e+12,-3.4813774371e+11
-1.4108355998e+12,-3.4961674465e+11
-1.4136718610e+12,-3.5109557890e+11
-1.4165074268e+12,-3.5257424676e+11
-1.4193423009e+12,-3.5405274855e+11
-1.4221764870e+12,-3.5553108459e+11
-1.4250099889e+12,-3.5700925519e+11
-1.4278428100e+12,-3.5848726065e+11
-1.4306749539e+12,-3.5996510127e+11
-1.4335064241e+12,-3.6144277736e+11
-1.4363372242e+12,-3.6292028921e+11
-1.4391673573e+12,-3.6439763710e+11
-1.4419968270e+12,-3.6587482134e+11
-1.4448256366e+12,-3.6735184220e+11
-1.4476537893e+12,-3.6882869996e+11
-1.4504812883e+12,-3.7030539490e+11
-1.4533081368e+12,-3.7178192730e+11
-1.4561343381e+12,-3.7325829742e+11
-1.4589598951e+12,-3.7473450553e+11
-1.4617848110e+12,-3.7621055190e+11
-1.4646090888e+12,-3.7768643678e+11
-1.4674327315e+12,-3.7916216044e+11
-1.4702557420e+12,-3.8063772312e+11
-1.4730781233e+12,-3.8211312508e+11
-1.4758998782e+12,-3.8358836655e+11
-1.4787210096e+12,-3.8506344780e+11
-1.4815415202e+12,-3.8653836904e+11
-1.4843614130e+12,-3.8801313053e+11
-1.4871806905e+12,-3.8948773250e+11
-1.4899993556e+12,-3.9096217516e+11
-1.4928174109e+12,-3.9243645876e+11
-1.4956348590e+12,-3.9391058352e+11
-1.4984517025e+12,-3.9538454965e+11
-1.5012679441e+12,-3.9685835737e+11
-1.5040835862e+12,-3.9833200691e+11
-1.5068986315e+12,-3.9980549846e+11
-1.5097130823e+12,-4.0127883224e+11
-1.5125269412e+12,-4.0275200845e+11
-1.5153402106e+12,-4.0422502730e+11
-1.5181528929e+12,-4.0569788898e+11
-1.5209649904e+12,-4.0717059369e+11
-1.5237765055e+12,-4.0864314162e+11
-1.5265874406e+12,-4.1011553297e+11
-1.5293977979e+12,-4.1158776791e+11
-1.5322075797e+12,-4.1305984664e+11
-1.5350167882e+12,-4.1453176934e+11
-1.5378254257e+12,-4.1600353619e+11
-1.5406334943e+12,-4.1747514735e+11
-1.5434409963e+12,-4.1894660301e+11
-1.5462479337e+12,-4.2041790334e+11
-1.5490543088e+12,-4.2188904849e+11
-1.5518601235e+12,-4.2336003865e+11
-1.5546653800e+12,-4.2483087396e+11
-1.5574700802e+12,-4.2630155460e+11
-1.5602742264e+12,-4.2777208071e+11
-1.5630778203e+12,-4.2924245245e+11
-1.5658808641e+12,-4.3071266998e+11
-1.5686833597e+12,-4.3218273343e+11
-1.5714853091e+12,-4.3365264297e+11
-1.5742867141e+12,-4.3512239872e+11
-1.5770875767e+12,-4.3659200084e+11
-1.5798878987e+12,-4.3806144947e+11
-1.5826876820e+12,-4.3953074473e+11
-1.5854869285e+12,-4.4099988677e+11
-1.5882856400e+12,-4.4246887571e+11
-1.5910838182e+12,-4.4393771169e+11
-1.5938814650e+12,-4.4540639482e+11
-1.5966785822e+12,-4.4687492525e+11
-1.5994751714e+12,-4.4834330308e+11
-1.6022712345e+12,-4.4981152844e+11
-1.6050667730e+12,-4.5127960145e+11
-1.6078617888e+12,-4.5274752222e+11
-1.6106562835e+12,-4.5421529086e+11
-1.6134502588e+12,-4.5568290749e+11
-1.6162437163e+12,-4.5715037221e+11
-1.6190366576e+12,-4.5861768513e+11
-1.6218290844e+12,-4.6008484636e+11
-1.6246209982e+12,-4.6155185599e+11
-1.6274124006e+12,-4.6301871413e+11
-1.6302032933e+12,-4.6448542087e+11
-1.6329936776e+12,-4.6595197632e+11
-1.6357835553e+12,-4.6741838055e+11
-1.6385729278e+12,-4.6888463368e+11
-1.6413617965e+12,-4.7035073578e+11
-1.6441501631e+12,-4.7181668694e+11
-1.6469380289e+12,-4.7328248725e+11
-1.6497253955e+12,-4.7474813679e+11
-1.6525122643e+12,-4.7621363564e+11
-1.6552986367e+12,-4.7767898389e+11
-1.6580845141e+12,-4.7914418161e+11
-1.6608698979e+12,-4.8060922888e+11
-1.6636547896e+12,-4.8207412576e+11
-1.6664391906e+12,-4.8353887234e+11
-1.6692231021e+12,-4.8500346869e+11
-1.6720065256e+12,-4.8646791486e+11
-1.6747894623e+12,-4.8793221093e+11
-1.6775719137e+12,-4.8939635697e+11
-1.6803538810e+12,-4.9086035302e+11
-1.6831353656e+12,-4.9232419917e+11
-1.6859163687e+12,-4.9378789546e+11
-1.6886968916e+12,-4.9525144196e+11
-1.6914769357e+12,-4.9671483871e+11
-1.6942565021e+12,-4.9817808578e+11
-1.6970355921e+12,-4.9964118322e+11
-1.6998142069e+12,-5.0110413107e+11
-1.7025923479e+12,-5.0256692939e+11
-1.7053700161e+12,-5.0402957822e+11
-1.7081472128e+12,-5.0549207762e+11
-1.7109239392e+12,-5.0695442761e+11
-1.7137001964e+12,-5.0841662826e+11
-1.7164759858e+12,-5.0987867959e+11
-1.7192513083e+12,-5.1134058165e+11
-1.7220261652e+12,-5.1280233447e+11
-1.7248005576e+12,-5.1426393810e+11
-1.7275744866e+12,-5.1572539256e+11
-1.7303479534e+12,-5.1718669789e+11
-1.7331209591e+12,-5.1864785412e+11
-1.7358935048e+12,-5.2010886129e+11
-1.7386655916e+12,-5.2156971942e+11
-1.7414372205e+12,-5.2303042853e+11
-1.7442083927e+12,-5.2449098866e+11
-1.7469791092e+12,-5.2595139983e+11
-1.7497493711e+12,-5.2741166206e+11
-1.7525191794e+12,-5.2887177538e+11
-1.7552885352e+12,-5.3033173980e+11
-1.7580574394e+12,-5.3179155534e+11
-1.7608258932e+12,-5.3325122202e+11
-1.7635938976e+12,-5.3471073986e+11
-1.7663614535e+12,-5.3617010888e+11
-1.7691285619e+12,-5.3762932907e+11
-1.7718952239e+12,-5.3908840047e+11
-1.7746614405e+12,-5.4054732307e+11
-1.7774272125e+12,-5.4200609689e+11
-1.7801925410e+12,-5.4346472194e+11
-1.7829574270e+12,-5.4492319822e+11
-1.7857218714e+12,-5.4638152574e+11
-1.7884858750e+12,-5.4783970450e+11
-1.7912494390e+12,-5.4929773451e+11
-1.7940125642e+12,-5.5075561577e+11
-1.7967752515e+12,-5.5221334828e+11
-1.7995375018e+12,-5.5367093203e+11
-1.8022993161e+12,-5.5512836704e+11
-1.8050606953e+12,-5.5658565329e+11
-1.8078216402e+12,-5.5804279078e+11
-1.8105821518e+12,-5.5949977951e+11
-1.8133422309e+12,-5.6095661947e+11
-1.8161018784e+12,-5.6241331065e+11
-1.8188610952e+12,-5.6386985304e+11
-1.8216198821e+12,-5.6532624664e+11
-1.8243782399e+12,-5.6678249143e+11
-1.8271361697e+12,-5.6823858740e+11
-1.8298936721e+12,-5.6969453454e+11
-1.8326507480e+12,-5.7115033284e+11
-1.8354073983e+12,-5.7260598227e+11
-1.8381636237e+12,-5.7406148283e+11
-1.8409194252e+12,-5.7551683450e+11
-1.8436748034e+12,-5.7697203725e+11
-1.8464297592e+12,-5.7842709107e+11
-1.8491842935e+12,-5.7988199594e+11
-1.8519384070e+12,-5.8133675183e+11
-1.8546921004e+12,-5.8279135873e+11
-1.8574453747e+12,-5.8424581661e+11
-1.8601982304e+12,-5.8570012545e+11
-1.8629506686e+12,-5.8715428522e+11
-1.8657026898e+12,-5.8860829590e+11
-1.8684542948e+12,-5.9006215745e+11
-1.8712054845e+12,-5.9151586985e+11
-1.8739562596e+12,-5.9296943307e+11
-1.8767066207e+12,-5.9442284708e+11
-1.8794565687e+12,-5.9587611185e+11
-1.8822061043e+12,-5.9732922735e+11
-1.8849552282e+12,-5.9878219355e+11
-1.8877039411e+12,-6.0023501040e+11
-1.8904522438e+12,-6.0168767788e+11
-1.8932001370e+12,-6.0314019595e+11
-1.8959476213e+12,-6.0459256457e+11
-1.8986946976e+12,-6.0604478371e+11
-1.9014413664e+12,-6.0749685333e+11
-1.9041876285e+12,-6.0894877339e+11
-1.9069334846e+12,-6.1040054385e+11
-1.9096789353e+12,-6.1185216466e+11
-1.9124239814e+12,-6.1330363579e+11
-1.9151686235e+12,-6.1475495720e+11
-1.9179128624e+12,-6.1620612884e+11
-1.9206566985e+12,-6.1765715067e+11
-1.9234001327e+12,-6.1910802263e+11
-1.9261431656e+12,-6.2055874470e+11
-1.9288857979e+12,-6.2200931681e+11
-1.9316280301e+12,-6.2345973893e+11
-1.9343698630e+12,-6.2491001100e+11
-1.9371112972e+12,-6.2636013298e+11
-1.9398523333e+12,-6.2781010482e+11
-1.9425929719e+12,-6.2925992646e+11
-1.9453332138e+12,-6.3070959785e+11
-1.9480730594e+12,-6.3215911895e+11
-1.9508125095e+12,-6.3360848970e+11
-1.9535515647e+12,-6.3505771005e+11
-1.9562902255e+12,-6.3650677994e+11
-1.9590284926e+12,-6.3795569932e+11
-1.9617663666e+12,-6.3940446813e+11
-1.9645038481e+12,-6.4085308631e+11
-1.9672409377e+12,-6.4230155382e+11
-1.9699776360e+12,-6.4374987059e+11
-1.9727139436e+12,-6.4519803656e+11
-1.9754498610e+12,-6.4664605168e+11
-1.9781853889e+12,-6.4809391588e+11
-1.9809205279e+12,-6.4954162911e+11
-1.9836552784e+12,-6.5098919130e+11
-1.9863896412e+12,-6.5243660240e+11
-1.9891236167e+12,-6.5388386233e+11
-1.9918572056e+12,-6.5533097104e+11
-1.9945904083e+12,-6.5677792846e+11
-1.9973232255e+12,-6.5822473454e+11
-2.0000556577e+12,-6.5967138919e+11
-2.0027877055e+12,-6.6111789236e+11
-2.0055193694e+12,-6.6256424399e+11
-2.0082506500e+12,-6.6401044400e+11
-2.0109815478e+12,-6.6545649233e+11
-2.0137120634e+12,-6.6690238891e+11
-2.0164421972e+12,-6.6834813367e+11
-2.0191719499e+12,-6.6979372654e+11
-2.0219013219e+12,-6.7123916746e+11
-2.0246303139e+12,-6.7268445634e+11
-2.0273589262e+12,-6.7412959313e+11
-2.0300871595e+12,-6.7557457775e+11
-2.0328150143e+12,-6.7701941012e+11
-2.0355424910e+12,-6.7846409018e+11
-2.0382695903e+12,-6.7990861784e+11
-2.0409963125e+12,-6.8135299305e+11
-2.0437226583e+12,-6.8279721572e+11
-2.0464486281e+12,-6.8424128577e+11
-2.0491742224e+12,-6.8568520314e+11
-2.0518994417e+12,-6.8712896775e+11
-2.0546242866e+12,-6.8857257951e+11
-2.0573487575e+12,-6.9001603836e+11
-2.0600728548e+12,-6.9145934421e+11
-2.0627965792e+12,-6.9290249699e+11
-2.0655199311e+12,-6.9434549662e+11
-2.0682429110e+12,-6.9578834301e+11
-2.0709655193e+12,-6.9723103610e+11
-2.0736877566e+12,-6.9867357579e+11
-2.0764096232e+12,-7.0011596201e+11
-2.0791311198e+12,-7.0155819468e+11
-2.0818522467e+12,-7.0300027371e+11
-2.0845730044e+12,-7.0444219903e+11
-2.0872933935e+12,-7.0588397055e+11
-2.0900134142e+12,-7.0732558818e+11
-2.0927330673e+12,-7.0876705185e+11
-2.0954523530e+12,-7.1020836147e+11
-2.0981712718e+12,-7.1164951695e+11
-2.1008898242e+12,-7.1309051821e+11
-2.1036080107e+12,-7.1453136517e+11
-2.1063258317e+12,-7.1597205773e+11
-2.1090432876e+12,-7.1741259582e+11
-2.1117603789e+12,-7.1885297934e+11
-2.1144771061e+12,-7.2029320820e+11
-2.1171934695e+12,-7.2173328233e+11
-2.1199094696e+12,-7.2317320163e+11
-2.1226251069e+12,-7.2461296601e+11
-2.1253403818e+12,-7.2605257539e+11
-2.1280552947e+12,-7.2749202967e+11
-2.1307698461e+12,-7.2893132876e+11
-2.1334840363e+12,-7.3037047258e+11
-2.1361978659e+12,-7.3180946103e+11
-2.1389113351e+12,-7.3324829402e+11
-2.1416244446e+12,-7.3468697146e+11
-2.1443371946e+12,-7.3612549326e+11
-2.1470495856e+12,-7.3756385933e+11
-2.1497616180e+12,-7.3900206956e+11
-2.1524732922e+12,-7.4044012388e+11
-2.1551846087e+12,-7.4187802219e+11
-2.1578955678e+12,-7.4331576438e+11
-2.1606061700e+12,-7.4475335037e+11
-2.1633164156e+12,-7.4619078007e+11
-2.1660263051e+12,-7.4762805337e+11
-2.1687358389e+12,-7.4906517019e+11
-2.1714450173e+12,-7.5050213042e+11
-2.1741538408e+12,-7.5193893397e+11
-2.1768623098e+12,-7.5337558074e+11
-2.1795704247e+12,-7.5481207064e+11
-2.1822781858e+12,-7.5624840356e+11
-2.1849855935e+12,-7.5768457942e+11
-2.1876926483e+12,-7.5912059811e+11
-2.1903993505e+12,-7.6055645953e+11
-2.1931057005e+12,-7.6199216359e+11
-2.1958116988e+12,-7.6342771019e+11
-2.1985173456e+12,-7.6486309922e+11
-2.2012226414e+12,-7.6629833058e+11
-2.2039275865e+12,-7.6773340418e+11
-2.2066321813e+12,-7.6916831992e+11
-2.2093364263e+12,-7.7060307769e+11
-2.2120403217e+12,-7.7203767740e+11
-2.2147438680e+12,-7.7347211894e+11
-2.2174470655e+12,-7.7490640220e+11
-2.2201499145e+12,-7.7634052710e+11
-2.2228524156e+12,-7.7777449352e+11
-2.2255545689e+12,-7.7920830136e+11
-2.2282563750e+12,-7.8064195052e+11
-2.2309578341e+12,-7.8207544089e+11
-2.2336589466e+12,-7.8350877238e+11
-2.2363597130e+12,-7.8494194487e+11
-2.2390601334e+12,-7.8637495827e+11
-2.2417602083e+12,-7.8780781246e+11
-2.2444599381e+12,-7.8924050735e+11
-2.2471593232e+12,-7.9067304283e+11
-2.2498583637e+12,-7.9210541878e+11
-2.2525570602e+12,-7.9353763512e+11
-2.2552554130e+12,-7.9496969172e+11
-2.2579534223e+12,-7.9640158849e+11
-2.2606510886e+12,-7.9783332531e+11
-2.2633484123e+12,-7.9926490208e+11
-2.2660453936e+12,-8.0069631869e+11
-2.2687420329e+12,-8.0212757504e+11
-2.2714383305e+12,-8.0355867102e+11
-2.2741342868e+12,-8.0498960651e+11
-2.2768299021e+12,-8.0642038141e+11
-2.2795251768e+12,-8.0785099561e+11
-2.2822201112e+12,-8.0928144901e+11
-2.2849147056e+12,-8.1071174148e+11
-2.2876089604e+12,-8.1214187293e+11
-2.2903028759e+12,-8.1357184324e+11
-2.2929964524e+12,-8.1500165231e+11
-2.2956896902e+12,-8.1643130002e+11
-2.2983825898e+12,-8.1786078625e+11
-2.3010751514e+12,-8.1929011091e+11
-2.3037673753e+12,-8.2071927388e+11
-2.3064592619e+12,-8.2214827505e+11
-2.3091508115e+12,-8.2357711431e+11
-2.3118420244e+12,-8.2500579154e+11
-2.3145329010e+12,-8.2643430663e+11
-2.3172234415e+12,-8.2786265947e+11
-2.3199136463e+12,-8.2929084995e+11
-2.3226035157e+12,-8.3071887796e+11
-2.3252930501e+12,-8.3214674337e+11
-2.3279822496e+12,-8.3357444609e+11
-2.3306711148e+12,-8.3500198599e+11
-2.3333596457e+12,-8.3642936296e+11
-2.3360478429e+12,-8.3785657689e+11
-2.3387357065e+12,-8.3928362766e+11
-2.3414232370e+12,-8.4071051516e+11
-2.3441104345e+12,-8.4213723927e+11
-2.3467972995e+12,-8.4356379988e+11
-2.3494838322e+12,-8.4499019688e+11
-2.3521700329e+12,-8.4641643014e+11
-2.3548559020e+12,-8.4784249956e+11
-2.3575414397e+12,-8.4926840501e+11
-2.3602266464e+12,-8.5069414639e+11
-2.3629115223e+12,-8.5211972356e+11
-2.3655960677e+12,-8.5354513643e+11
-2.3682802830e+12,-8.5497038487e+11
-2.3709641685e+12,-8.5639546876e+11
-2.3736477243e+12,-8.5782038799e+11
-2.3763309510e+12,-8.5924514244e+11
-2.3790138486e+12,-8.6066973200e+11
-2.3816964176e+12,-8.6209415654e+11
-2.3843786583e+12,-8.6351841595e+11
-2.3870605708e+12,-8.6494251010e+11
-2.3897421556e+12,-8.6636643889e+11
-2.3924234129e+12,-8.6779020219e+11
-2.3951043429e+12,-8.6921379989e+11
-2.3977849461e+12,-8.7063723186e+11
-2.4004652226e+12,-8.7206049798e+11
-2.4031451728e+12,-8.7348359815e+11
-2.4058247969e+12,-8.7490653223e+11
-2.4085040953e+12,-8.7632930011e+11
-2.4111830681e+12,-8.7775190167e+11
-2.4138617158e+12,-8.7917433678e+11
-2.4165400386e+12,-8.8059660534e+11
-2.4192180367e+12,-8.8201870721e+11
-2.4218957105e+12,-8.8344064228e+11
-2.4245730602e+12,-8.8486241043e+11
-2.4272500861e+12,-8.8628401154e+11
-2.4299267886e+12,-8.8770544548e+11
-2.4326031677e+12,-8.8912671213e+11
-2.4352792239e+12,-8.9054781138e+11
-2.4379549575e+12,-8.9196874310e+11
-2.4406303686e+12,-8.9338950717e+11
-2.4433054576e+12,-8.9481010346e+11
-2.4459802247e+12,-8.9623053187e+11
-2.4486546703e+12,-8.9765079225e+11
-2.4513287945e+12,-8.9907088450e+11
-2.4540025977e+12,-9.0049080849e+11
-2.4566760802e+12,-9.0191056409e+11
-2.4593492421e+12,-9.0333015119e+11
-2.4620220838e+12,-9.0474956966e+11
-2.4646946056e+12,-9.0616881938e+11
-2.4673668076e+12,-9.0758790022e+11
-2.4700386902e+12,-9.0900681206e+11
-2.4727102537e+12,-9.1042555478e+11
-2.4753814982e+12,-9.1184412826e+11
-2.4780524241e+12,-9.1326253236e+11
-2.4807230317e+12,-9.1468076697e+11
-2.4833933211e+12,-9.1609883196e+11
-2.4860632927e+12,-9.1751672721e+11
-2.4887329468e+12,-9.1893445260e+11
-2.4914022835e+12,-9.2035200799e+11
-2.4940713031e+12,-9.2176939327e+11
-2.4967400059e+12,-9.2318660830e+11
-2.4994083922e+12,-9.2460365297e+11
-2.5020764623e+12,-9.2602052715e+11
-2.5047442162e+12,-9.2743723072e+11
-2.5074116545e+12,-9.2885376354e+11
-2.5100787771e+12,-9.3027012550e+11
-2.5127455846e+12,-9.3168631646e+11
-2.5154120770e+12,-9.3310233631e+11
-2.5180782547e+12,-9.3451818491e+11
-2.5207441179e+12,-9.3593386214e+11
-2.5234096668e+12,-9.3734936788e+11
-2.5260749018e+12,-9.3876470199e+11
-2.5287398230e+12,-9.4017986435e+11
-2.5314044307e+12,-9.4159485484e+11
-2.5340687252e+12,-9.4300967333e+11
-2.5367327067e+12,-9.4442431969e+11
-2.5393963754e+12,-9.4583879379e+11
-2.5420597317e+12,-9.4725309551e+11
-2.5447227757e+12,-9.4866722472e+11
-2.5473855077e+12,-9.5008118130e+11
-2.5500479280e+12,-9.5149496510e+11
-2.5527100367e+12,-9.5290857602e+11
-2.5553718342e+12,-9.5432201392e+11
-2.5580333207e+12,-9.5573527867e+11
-2.5606944964e+12,-9.5714837015e+11
-2.5633553616e+12,-9.5856128822e+11
-2.5660159164e+12,-9.5997403277e+11
-2.5686761613e+12,-9.6138660365e+11
-2.5713360963e+12,-9.6279900075e+11
-2.5739957218e+12,-9.6421122393e+11
-2.5766550380e+12,-9.6562327307e+11
-2.5793140450e+12,-9.6703514803e+11
-2.5819727433e+12,-9.6844684870e+11
-2.5846311329e+12,-9.6985837493e+11
-2.5872892142e+12,-9.7126972661e+11
-2.5899469873e+12,-9.7268090360e+11
-2.5926044526e+12,-9.7409190577e+11
-2.5952616102e+12,-9.7550273299e+11
-2.5979184604e+12,-9.7691338514e+11
-2.6005750034e+12,-9.7832386209e+11
-2.6032312395e+12,-9.7973416370e+11
-2.6058871689e+12,-9.8114428985e+11
-2.6085427917e+12,-9.8255424041e+11
-2.6111981084e+12,-9.8396401524e+11
-2.6138531190e+12,-9.8537361422e+11
-2.6165078239e+12,-9.8678303722e+11
-2.6191622232e+12,-9.8819228410e+11
-2.6218163172e+12,-9.8960135474e+11
-2.6244701061e+12,-9.9101024901e+11
-2.6271235902e+12,-9.9241896678e+11
-2.6297767697e+12,-9.9382750791e+11
-2.6324296447e+12,-9.9523587228e+11
-2.6350822156e+12,-9.9664405975e+11
-2.6377344826e+12,-9.9805207020e+11
-2.6403864459e+12,-9.9945990350e+11
-2.6430381056e+12,-1.0008675595e+12
-2.6456894622e+12,-1.0022750381e+12
-2.6483405157e+12,-1.0036823391e+12
-2.6509912664e+12,-1.0050894625e+12
-2.6536417146e+12,-1.0064964080e+12
-2.6562918604e+12,-1.0079031757e+12
-2.6589417041e+12,-1.0093097652e+12
-2.6615912458e+12,-1.0107161765e+12
-2.6642404860e+12,-1.0121224095e+12
-2.6668894246e+12,-1.0135284640e+12
-2.6695380621e+12,-1.0149343400e+12
-2.6721863985e+12,-1.0163400372e+12
-2.6748344342e+12,-1.0177455555e+12
-2.6774821693e+12,-1.0191508949e+12
-2.6801296041e+12,-1.0205560551e+12
-2.6827767388e+12,-1.0219610360e+12
-2.6854235735e+12,-1.0233658376e+12
-2.6880701086e+12,-1.0247704596e+12
-2.6907163443e+12,-1.0261749020e+12
-2.6933622807e+12,-1.0275791647e+12
-2.6960079181e+12,-1.0289832473e+12
-2.6986532567e+12,-1.0303871500e+12
-2.7012982967e+12,-1.0317908724e+12
-2.7039430384e+12,-1.0331944146e+12
-2.7065874819e+12,-1.0345977763e+12
-2.7092316275e+12,-1.0360009574e+12
-2.7118754754e+12,-1.0374039578e+12
-2.7145190258e+12,-1.0388067773e+12
-2.7171622789e+12,-1.0402094159e+12
-2.7198052350e+12,-1.0416118734e+12
-2.7224478942e+12,-1.0430141496e+12
-2.7250902568e+12,-1.0444162444e+12
-2.7277323230e+12,-1.0458181577e+12
-2.7303740929e+12,-1.0472198894e+12
-2.7330155669e+12,-1.0486214393e+12
-2.7356567451e+12,-1.0500228073e+12
-2.7382976277e+12,-1.0514239933e+12
-2.7409382150e+12,-1.0528249971e+12
-2.7435785072e+12,-1.0542258185e+12
-2.7462185044e+12,-1.0556264576e+12
-2.7488582069e+12,-1.0570269140e+12
-2.7514976150e+12,-1.0584271878e+12
-2.7541367287e+12,-1.0598272786e+12
-2.7567755483e+12,-1.0612271866e+12
-2.7594140741e+12,-1.0626269114e+12
-2.7620523062e+12,-1.0640264529e+12
-2.7646902449e+12,-1.0654258111e+12
-2.7673278903e+12,-1.0668249858e+12
-2.7699652427e+12,-1.0682239768e+12
-2.7726023022e+12,-1.0696227841e+12
-2.7752390692e+12,-1.0710214074e+12
-2.7778755437e+12,-1.0724198467e+12
-2.7805117260e+12,-1.0738181018e+12
-2.7831476163e+12,-1.0752161726e+12
-2.7857832149e+12,-1.0766140589e+12
-2.7884185219e+12,-1.0780117606e+12
-2.7910535374e+12,-1.0794092777e+12
-2.7936882619e+12,-1.0808066098e+12
-2.7963226953e+12,-1.0822037570e+12
-2.7989568380e+12,-1.0836007191e+12
-2.8015906902e+12,-1.0849974959e+12
-2.8042242520e+12,-1.0863940873e+12
-2.8068575236e+12,-1.0877904932e+12
-2.8094905054e+12,-1.0891867135e+12
-2.8121231973e+12,-1.0905827479e+12
-2.8147555998e+12,-1.0919785964e+12
-2.8173877129e+12,-1.0933742589e+12
-2.8200195369e+12,-1.0947697351e+12
-2.8226510720e+12,-1.0961650251e+12
-2.8252823183e+12,-1.0975601285e+12
-2.8279132762e+12,-1.0989550454e+12
-2.8305439457e+12,-1.1003497755e+12
-2.8331743271e+12,-1.1017443187e+12
-2.8358044206e+12,-1.1031386750e+12
-2.8384342263e+12,-1.1045328441e+12
-2.8410637446e+12,-1.1059268259e+12
-2.8436929755e+12,-1.1073206203e+12
-2.8463219194e+12,-1.1087142272e+12
-2.8489505763e+12,-1.1101076463e+12
-2.8515789465e+12,-1.1115008777e+12
-2.8542070302e+12,-1.1128939211e+12
-2.8568348276e+12,-1.1142867764e+12
-2.8594623389e+12,-1.1156794436e+12
-2.8620895642e+12,-1.1170719223e+12
-2.8647165039e+12,-1.1184642126e+12
-2.8673431580e+12,-1.1198563142e+12
-2.8699695268e+12,-1.1212482271e+12
-2.8725956105e+12,-1.1226399510e+12
-2.8752214092e+12,-1.1240314860e+12
-2.8778469232e+12,-1.1254228317e+12
-2.8804721527e+12,-1.1268139882e+12
-2.8830970979e+12,-1.1282049552e+12
-2.8857217589e+12,-1.1295957327e+12
-2.8883461359e+12,-1.1309863204e+12
-2.8909702293e+12,-1.1323767183e+12
-2.8935940390e+12,-1.1337669263e+12
-2.8962175654e+12,-1.1351569441e+12
-2.8988408087e+12,-1.1365467716e+12
-2.9014637690e+12,-1.1379364088e+12
-2.9040864465e+12,-1.1393258554e+12
-2.9067088414e+12,-1.1407151114e+12
